{"ver" : "1.0.31.9, "date" : "Thu Sep 16 19:44:18 2021", "Model" : "LG-LS998", "DevVER" : "LS99821a", "SWVER" : "US99810d_01_ARB00", "SIZE" : "3072MB", "USB" : "UHS",  "Speed" : "25.7MB/s", "RawSpeed" : "48.7MB/s", "PreTime": 9,  "DLTime" : 122, "FinishTime" : 43, "TxtoRx" : 90, "RxtoTx" :31, "PID" : "YE06S180328001559", "PortNum" : 12,  "Ratio" : 0.00, "HybridTime" : 122, "RetransTime" : 0, "IdtTime" : 0, "PacketLength" : 3072, "Build" : "U" }
{"ver":"2.1.0.23 ", "date":"Thu Oct 21 08:30:19 2021", "Model":"LM-G900NVM ", "PROCESS":"REFURBISH   ", "DevVER":"G900NVM20n                               ", "KDZVER":"G900N10o                                 ", 	"SIZE":"5190MB", "USB":"UHS", "SendSpeed":"28.74MB/s", "WriteSpeed":"46.52MB/s", "PreT":  2, "DLTime":260, "FinishT":163, "TxtoRx":158, "RxtoTx": 29, "PID":"VS02S200808005873", "PortNum": 34, "Ratio":0.00, "HybridT":260, "RetransT":0, "IdtT":0, 	"PktLength":3072, "Build":"U ", "Compression":1, "CPU":8, "SlideCnt":0, "ProtVer":16777255}
{"ver":"2.1.0.23 ", "date":"Thu Oct 21 09:18:24 2021", "Model":"LM-G900NVM ", "PROCESS":"REFURBISH   ", "DevVER":"G900NVM10o                               ", "KDZVER":"G900N20n                                 ", 	"SIZE":"5807MB", "USB":"UHS", "SendSpeed":"30.34MB/s", "WriteSpeed":"52.12MB/s", "PreT":  4, "DLTime":196, "FinishT":155, "TxtoRx":171, "RxtoTx": 24, "PID":"VS02S200808005873", "PortNum": 34, "Ratio":0.00, "HybridT":196, "RetransT":0, "IdtT":0, 	"PktLength":3072, "Build":"U ", "Compression":1, "CPU":8, "SlideCnt":0, "ProtVer":16777255}
{"ver":"2.1.0.23 ", "date":"Thu Oct 21 09:49:03 2021", "Model":"LM-G900NVM ", "PROCESS":"REFURBISH   ", "DevVER":"G900NVM20n                               ", "KDZVER":"G900N20n                                 ", 	"SIZE":"5807MB", "USB":"UHS", "SendSpeed":"33.45MB/s", "WriteSpeed":"57.45MB/s", "PreT":  2, "DLTime":178, "FinishT":172, "TxtoRx":162, "RxtoTx": 15, "PID":"VS02S200808005873", "PortNum": 34, "Ratio":0.00, "HybridT":178, "RetransT":0, "IdtT":0, 	"PktLength":3072, "Build":"U ", "Compression":1, "CPU":8, "SlideCnt":0, "ProtVer":16777255}
{"ver":"2.1.0.23 ", "date":"Wed Oct 27 20:08:41 2021", "Model":"LM-G900NVM ", "PROCESS":"UPGRADE     ", "DevVER":"G900NVM20n                               ", "KDZVER":"G900N20n                                 ", 	"SIZE":"5806MB", "USB":"UHS", "SendSpeed":"32.54MB/s", "WriteSpeed":"55.81MB/s", "PreT":  2, "DLTime":185, "FinishT": 32, "TxtoRx":169, "RxtoTx": 13, "PID":"VS02S200808005873", "PortNum": 34, "Ratio":0.00, "HybridT":185, "RetransT":0, "IdtT":0, 	"PktLength":3072, "Build":"U ", "Compression":1, "CPU":8, "SlideCnt":0, "ProtVer":16777255}
